normalized_filer_name,raw_filer_name,filer_id,quarantine_reason,row_count,total_dollars,min_txn_date,max_txn_date,cover_elect_date,cover_from_date,cover_thru_date,cover_form_types,rcpt_form_types,top_contributors_by_dollars,sample_filing_ids,reviewer_classification,reviewer_target_campaign_id,reviewer_notes
california teachers association/issues pac,California Teachers Association/Issues PAC,880873,filer_name_no_prop,513,16821503.74,2000-01-04,2025-12-31,3/7/2000 12:00:00 AM,1/1/2000 12:00:00 AM,1/22/2000 12:00:00 AM,F460=513,C=513,"California Teachers Association ($16,712,371); National Education Association ($89,692); United Teachers of Los Angeles ($18,491); California Teachers Assoc. ($950)","578295, 578295, 578295, 578295, 578295",,,
"californians for responsible healthcare, sponsored by service employees international union - united healthcare workers west","Californians for Responsible Healthcare, Sponsored by Service Employees International Union - United Healthcare Workers West",1483073,filer_name_no_prop,15,13973828.04,2025-09-18,2026-03-10,,1/1/2025 12:00:00 AM,12/31/2025 12:00:00 AM,F460=15,C=15,"SEIU United Health Care Workers West  Political Issues Committee ($13,973,828)","3115276, 3115276, 3115276, 3115276, 3115276",,,
"save california health care and public education, sponsored by service employees international union - united healthcare workers west","Save California Health Care and Public Education, Sponsored by Service Employees International Union - United Healthcare Workers West",1484470,filer_name_no_prop,30,8684063.39,2025-12-03,2026-03-31,,1/1/2025 12:00:00 AM,12/31/2025 12:00:00 AM,F460=30,C=30,"SEIU United Health Care Workers West  Political Issues Committee ($7,290,902); Service Employees International Union, United Healthcare Workers West Nonprofit 501(c)(5) ($1,393,161)","3115278, 3115278, 3115278, 3115278, 3146612",,,
californians for financial education,Californians for Financial Education,1463027,filer_name_no_prop,5,7628781.67,2023-10-31,2025-09-17,,1/1/2023 12:00:00 AM,12/31/2023 12:00:00 AM,F460=5,C=5,"Ranzetta, Timothy ($7,628,782)","2883609, 2883609, 2883609, 2909775, 3092356",,,
hold politicians accountable,HOLD POLITICIANS ACCOUNTABLE,1381029,filer_name_no_prop,5,6610625.0,2015-12-07,2016-03-30,,1/1/2016 12:00:00 AM,3/31/2016 12:00:00 AM,F460=5,C=5,"MUNGER, CHARLES T. ($6,610,625)","2038240, 2038240, 2038240, 2012870, 2012870",,,
spirit of democracy california,Spirit of Democracy California,1346379,filer_name_no_prop,36,6154234.57,2014-03-19,2021-05-26,,5/18/2014 12:00:00 AM,6/30/2014 12:00:00 AM,F460=36,C=36,"Munger, Jr., Charles ($6,061,897); JobsPAC ($23,750); FairPAC Independent Expenditure Committee ($23,400); Civil Justice Association of California ($18,425); California Republican Party ($14,000)","1870923, 1853011, 1853011, 1853011, 1853011",,,
democratic state central committee of ca,Democratic State Central Committee of CA,741666,filer_name_no_prop,577,4731303.23,2000-01-08,2014-06-23,3/7/2000 12:00:00 AM,1/1/2000 12:00:00 AM,1/22/2000 12:00:00 AM,F460=577,C=577,"AT&T Inc. and its Affiliates ($449,514); AT & T Corporation ($447,718); AT & T Inc. and its Affiliates ($398,914); SEIU Local 1000, CA State Employees Assn Issues PAC ($363,764); CA Professional Firefighters -Ballot Issues PAC ($352,736)","578245, 578245, 578245, 578245, 578245",,,
"alliance for a better california, educators, firefighters, school employees, health care givers and labor organizations","Alliance for a Better California, educators, firefighters, school employees, health care givers and labor organizations",1273998,filer_name_no_prop,407,4505319.75,2005-01-14,2006-11-08,,1/1/2005 12:00:00 AM,3/31/2005 12:00:00 AM,F460=407,C=407,"California Teachers Association - Issues PAC ($1,339,756); California State Council of Service Employees Issues Committee ($670,123); SEIU United Healthcare Workers - West ($666,817); CA School Employees Association ($616,911); California Professional Firefighters - Ballot Issues Committee ($191,499)","1105724, 1105724, 1105724, 1105724, 1105724",,,
stop the republican recall of governor newsom,Stop the Republican Recall of Governor Newsom,1436851,filer_name_no_prop,269,4010038.67,2021-03-15,2021-09-15,,1/1/2021 12:00:00 AM,3/31/2021 12:00:00 AM,F460=269,C=269,"California Democratic Party ($1,439,631); SEIU COPE (Service Employees International Union COPE) (Fed PAC ID #C00004036) ($1,019,403); California League of Conservation Voters - Independent Expenditure Committee ($260,000); Courage California Issues ($221,430); California Alliance, A Coalition of Consumer Attorneys, Conservationists and Food and Commercial Workers ($125,000)","2581095, 2581095, 2581095, 2581095, 2581095",,,
"protect voters first, sponsored by hold politicians accountable","PROTECT VOTERS FIRST, SPONSORED BY HOLD POLITICIANS ACCOUNTABLE",1381029,filer_name_no_prop,1,3752800.0,2025-12-23,2025-12-23,,10/19/2025 12:00:00 AM,12/31/2025 12:00:00 AM,F460=1,C=1,"MUNGER, JR., CHARLES T. ($3,752,800)",3111717,,,
patel for assembly 2024,Patel for Assembly 2024,1457655,filer_name_no_prop,125,3552854.63,2024-03-13,2024-11-05,,2/18/2024 12:00:00 AM,6/30/2024 12:00:00 AM,F460=125,C=125,"California Democratic Party ($3,551,342); Black, Laurie ($897); ProChoice.YourVoter.Guide ($500); Jane Fonda Climate PAC (FED PAC ID #C00806893 ($115)","2934964, 2934964, 2934964, 2934964, 2934964",,,
"citizens for paycheck protection, sponsored by pharmaceutical research and manufacturers of america california initiative fund","Citizens for Paycheck Protection, sponsored by Pharmaceutical Research and Manufacturers of America California Initiative Fund",1275566,filer_name_no_prop,16,3203575.09,2005-03-15,2005-06-13,,1/1/2005 12:00:00 AM,3/31/2005 12:00:00 AM,F460=16,C=16,"Pharmaceutical Research and Manufacturers of America CA Initiative Fund ($3,203,575)","1103618, 1103618, 1103618, 1103618, 1103618",,,
voters first act for congress,VOTERS FIRST ACT FOR CONGRESS,1321618,filer_name_no_prop,6,3100241.99,2009-10-13,2010-03-22,,1/1/2010 12:00:00 AM,3/31/2010 12:00:00 AM,F460=6,C=6,"CHARLES T. MUNGER, JR. ($3,100,242)","1485659, 1485659, 1485659, 1465726, 1465726",,,
californians for voter id,Californians for Voter ID,1479607,filer_name_no_prop,9,3051645.82,2025-10-05,2026-02-23,,10/1/2025 12:00:00 AM,12/31/2025 12:00:00 AM,F460=9,C=9,"Reform California with Carl De Maio - Ballot Measure Committee ($3,042,980); The Lincoln Club of Orange County Issues PAC ($7,991); Luckey, Julie ($675)","3114627, 3114627, 3114627, 3114627, 3146280",,,
ken cooley for assembly 2012,Ken Cooley for Assembly 2012,1343706,filer_name_no_prop,153,3024544.9,2012-05-18,2012-11-06,6/5/2012 12:00:00 AM,3/18/2012 12:00:00 AM,5/19/2012 12:00:00 AM,F460=153,C=153,"Democratic State Central Committee Of California ($3,015,768); California Professional Firefighters PAC ($6,718); Churchwell, Steven G. ($954); California Association For Health Services At Home PAC ($468); Sacramento County Young Democrats ($422)","1664083, 1680663, 1680663, 1704557, 1704557",,,
josh newman for senate 2024,Josh Newman for Senate 2024,1435010,filer_name_no_prop,353,2943341.24,2021-07-28,2024-12-21,,7/1/2021 12:00:00 AM,12/31/2021 12:00:00 AM,F460=353,C=353,"California Democratic Party ($2,908,673); Jackson Family Enterprises, Inc & Affiliated Entitites ($10,995); Charter Communications ($4,014); KG Bakery, Inc ($4,000); Banke, Barbara ($3,904)","2633329, 2633329, 2633329, 2701730, 2701730",,,
california democratic party,California Democratic Party,741666,filer_name_no_prop,353,2889559.25,2014-07-17,2026-03-21,,11/23/2014 12:00:00 AM,12/31/2014 12:00:00 AM,F460=353,C=353,"AT&T Inc. and its Affiliates ($1,038,755); California Professional Firefighters PAC ($526,469); AT&T Services Inc. and its Affiliates ($271,472); Diageo North America, Inc ($182,029); Diageo ($125,369)","1936225, 1892979, 1892979, 1892979, 1892979",,,
anna caballero for senate 2018,Anna Caballero for Senate 2018,1394879,filer_name_no_prop,427,2701979.02,2017-03-13,2018-11-06,6/5/2018 12:00:00 AM,4/22/2018 12:00:00 AM,5/19/2018 12:00:00 AM,F460=427,C=427,"California Democratic Party ($2,456,906); Fresno County Democratic Central Committee (FCDCC) ($230,000); California Building Industry Association PAC ($3,750); Portola Hotel & Spa ($2,463); Tri-Cal, Inc. ($1,927)","2254452, 2254452, 2254452, 2254452, 2254452",,,
california patriot coalition - recall governor gavin newsom,California Patriot Coalition - Recall Governor Gavin Newsom,1424018,filer_name_no_prop,66,2698740.02,2020-07-29,2021-08-17,,7/1/2020 12:00:00 AM,9/30/2020 12:00:00 AM,F460=66,C=66,"Rescue California - Recall Gavin Newsom ($955,093); Prov. 3:9, LLC(Thomas Liu) ($500,000); Palmer, Geoff ($200,000); DGB Ranch ($150,000); Palihapitiya, Chamath ($100,000)","2532025, 2553073, 2553073, 2553073, 2553073",,,
the governor gray davis committee,The Governor Gray Davis Committee,962636,filer_name_no_prop,520,2514099.91,2000-01-11,2003-09-20,3/5/2002 12:00:00 AM,7/1/2000 12:00:00 AM,12/31/2000 12:00:00 AM,F460=520,C=520,"Democratic State Central Committee of California ($483,456); State Building & Construction Trades Council of CA ($142,056); AT & T and Affiliated Entities ($106,471); Saban, Haim ($98,670); Yucaipa Companies, LLC ($62,258)","719073, 719073, 719073, 719073, 719073",,,
mueller for senate 2024,Mueller for Senate 2024,1436686,filer_name_no_prop,295,2342355.02,2023-09-01,2024-11-05,,7/1/2023 12:00:00 AM,12/31/2023 12:00:00 AM,F460=295,C=295,"California Democratic Party ($2,334,234); Consumer Attorneys Consumer Protection Fund Small Contributor Committee ($5,211); Gonzalez, Raul ($1,500); Martinez, Jennifer ($500); ProChoice - Your Voter Guide ($500)","2872582, 2872582, 2872582, 2935607, 2935607",,,
democratic state central comm of calif.,Democratic State Central Comm of Calif.,741666,filer_name_no_prop,262,2281625.26,2009-01-13,2013-01-15,5/19/2009 12:00:00 AM,4/5/2009 12:00:00 AM,5/2/2009 12:00:00 AM,F460=262,C=262,"AT&T Inc. and its Affiliates ($824,439); California Professional Firefighters PAC ($579,785); Westfield, LLC (inkind) ($89,062); Diageo-Guiness USA, Inc. ($77,181); Microsoft Corporation ($75,366)","1423196, 1423196, 1423196, 1423196, 1423196",,,
california teachers association/association for better citizenship,California Teachers Association/Association For Better Citizenship,741941,filer_name_no_prop,80,2273964.77,2000-01-01,2012-06-11,3/7/2000 12:00:00 AM,1/1/2000 12:00:00 AM,1/22/2000 12:00:00 AM,F460=80,C=80,"California Teachers Association ($2,244,208); African-American Vote 2000 ($25,000); National Education Association ($4,366); Nation For Assembly 2000 ($390)","578106, 578106, 578106, 591471, 591471",,,
"campaign for a safe and healthy california, sponsored by nonprofit environmental and health organizations","Campaign for a Safe and Healthy California, sponsored by nonprofit environmental and health organizations",1460932,filer_name_no_prop,68,2206434.71,2023-10-13,2024-09-18,,10/1/2023 12:00:00 AM,12/31/2023 12:00:00 AM,F460=68,C=68,"Ruscha, Ed ($425,000); Gagosian Gallery, Inc. ($282,778); Gaines, Charles ($220,000); Grotjahn, Mark ($175,000); Scharf, Kenny ($150,000)","2882674, 2882674, 2882674, 2882674, 2882674",,,
abigail medina for assembly 2016,Abigail Medina for Assembly 2016,1377340,filer_name_no_prop,237,2087694.19,2015-05-09,2016-11-08,,1/1/2015 12:00:00 AM,6/30/2015 12:00:00 AM,F460=237,C=237,"California Democratic Party ($2,084,620); Medina, Jesus ($1,626); Los Angeles: Orange County Democrats United ($600); Medina, Monique ($420); Policy Link ($250)","1982892, 1982892, 1982892, 2012619, 2012619",,,
"taxpayers for accountability & better schools, sponsored by edvoice, inc.","TAXPAYERS FOR ACCOUNTABILITY & BETTER SCHOOLS, SPONSORED BY EDVOICE, INC.",1283706,filer_name_no_prop,2,2056794.94,2006-03-01,2006-03-08,,1/1/2006 12:00:00 AM,3/31/2006 12:00:00 AM,F460=2,C=2,"HASTINGS, REED ($2,013,912); EDVOICE, INC. ($42,883)","1167943, 1167943",,,
cook-kallio for assembly 2016,Cook-Kallio for Assembly 2016,1381077,filer_name_no_prop,179,2040629.14,2016-02-10,2016-11-07,11/8/2016 12:00:00 AM,4/24/2016 12:00:00 AM,5/21/2016 12:00:00 AM,F460=179,C=179,"California Democratic Party ($2,037,471); Contra Costa United Working Families (CCUWF), Sponsored by Central Labor Council of Contra Costa County, AFL-CIO ($2,098); Consumer Attorneys of California PAC ($564); Kallio, John ($346); Wong, Bill ($150)","2047151, 2047151, 2047151, 2047151, 2047151",,,
league of california cities citipac,League of California Cities CITIPAC,1254399,filer_name_no_prop,140,1985121.66,2003-06-30,2025-12-31,,1/1/2003 12:00:00 AM,6/30/2003 12:00:00 AM,F460=140,C=140,"League of California Cities ($1,778,049); League of California Cities (Admin) ($139,965); Morongo Band of Mission Indians ($11,000); Lewis Pacific Partners ($7,500); Pechenga Resort Casino ($6,800)","947733, 979397, 979397, 979397, 1031918",,,
manuel perez for assembly,Manuel Perez for Assembly,1297969,filer_name_no_prop,199,1969107.77,2008-05-21,2009-04-13,,5/18/2008 12:00:00 AM,6/30/2008 12:00:00 AM,F460=199,C=199,"Democratic State Central Comm Of CA ($1,861,356); Imperial County Democratic Central Committee ($84,288); Riverside County Democratic Party ($12,197); CA Professional Firefighters PAC ($6,513); Service Employees International Union ($3,945)","1351219, 1351219, 1351219, 1351219, 1351219",,,
soria for assembly 2022,Soria for Assembly 2022,1443835,filer_name_no_prop,94,1922825.5,2022-05-17,2022-11-08,6/7/2022 12:00:00 AM,4/24/2022 12:00:00 AM,5/21/2022 12:00:00 AM,F460=94,C=94,"California Democratic Party ($1,911,853); Fresno, Madera, Kings, Tulare Counties Building Trades Council, COPE Committee ($4,085); Valley Forward Action Fund ($2,236); Lakireddy, Raghupriya ($1,600); Diaz, Monica ($1,250)","2687295, 2687295, 2687295, 2707121, 2707121",,,
torlakson for senate,TORLAKSON FOR SENATE,990655,filer_name_no_prop,146,1800928.24,2000-02-01,2000-12-01,3/7/2000 12:00:00 AM,1/23/2000 12:00:00 AM,2/19/2000 12:00:00 AM,F460=146,C=146,"Senate Majority Fund ($1,350,369); Democratic State Central Committee of CA ($280,138); CA League of Conservation Voters ($43,203); Perata for Senate ($35,733); CA Professional FireFighters PAC ($26,670)","592459, 592459, 592459, 645181, 645181",,,
bill simon for governor,Bill Simon for Governor,1233478,filer_name_no_prop,395,1700851.32,2001-05-09,2004-09-25,11/5/2002 12:00:00 AM,1/1/2001 12:00:00 AM,6/30/2001 12:00:00 AM,F460=395,C=395,"California Republican Party ($288,027); Spanos, A.G. ($252,785); Weyrich, David ($150,801); Green Valley Services, Inc. dba Hartman Studios ($98,501); Simon, Jr., William E. ($61,779)","771656, 771656, 771656, 771656, 771656",,,
golden state voter participation project,Golden State Voter Participation Project,1345010,filer_name_no_prop,10,1646401.81,2013-09-11,2016-10-21,,1/1/2014 12:00:00 AM,6/30/2014 12:00:00 AM,F460=10,C=10,"Munger, Jr., Charles ($1,636,902); Donatelli, Connell ($9,500)","1870841, 1815939, 1933372, 1980307, 1980307",,,
chris duncan for assembly 2024,Chris Duncan for Assembly 2024,1456888,filer_name_no_prop,186,1628554.56,2023-05-13,2024-11-05,,1/1/2023 12:00:00 AM,6/30/2023 12:00:00 AM,F460=186,C=186,"California Democratic Party ($1,626,725); Lacy, Janet Bledsoe ($573); Fenning, Alan ($520); ProChoice Your Voter Guide ($500); Hall, Catherine ($51)","2834526, 2872911, 2872911, 2872911, 2872913",,,
anthony portantino for senate 2016,ANTHONY PORTANTINO FOR SENATE 2016,1334175,filer_name_no_prop,163,1618679.49,2011-07-10,2019-06-30,6/6/2016 12:00:00 AM,7/1/2011 12:00:00 AM,12/31/2011 12:00:00 AM,F460=163,C=163,"California Democratic Party ($1,568,261); California Professional Firefighters ($4,670); Derderian, Vatche ($4,000); Urquhart, Bill ($3,600); Urquhart, Mary ($3,600)","1637917, 1637917, 1741268, 1783097, 1783097",,,
josh newman for senate 2020,Josh Newman for Senate 2020,1392939,filer_name_no_prop,132,1604082.05,2017-06-27,2020-11-18,,1/1/2017 12:00:00 AM,6/30/2017 12:00:00 AM,F460=132,C=132,"California Democratic Party ($1,600,174); Clarity Management ($750); FairPAC, Sponsored by The Civil Justice Associatio of California ($735); Personal Insurance Federation of CA Agenta & Employees PAC ($656); Painters & Allied Trades District Council 36 ($588)","2175534, 2208632, 2274283, 2392701, 2433903",,,
"californians against the costly recall of the governor: coalition of firefighters, workers, educators, bus, bus leaders, ca dem party, entertainment bus, dem governors, governor gray davis committee","Californians Against the Costly Recall of the Governor: Coalition of Firefighters, Workers, Educators, Bus, Bus Leaders, CA Dem Party, Entertainment Bus, Dem Governors, Governor Gray Davis Committee",1256416,filer_name_no_prop,198,1600606.76,2003-07-28,2003-12-03,10/7/2003 12:00:00 AM,8/24/2003 12:00:00 AM,9/20/2003 12:00:00 AM,F460=198,C=198,"Democratic State Central Committee of California ($628,290); Governor Gray Davis Committee ($558,402); Members' Voice of the State Building Trades ($91,113); CA League of Conservation Voters - IE Comm. ($50,630); AFSCME (AFL-CIO) ($43,267)","959701, 959701, 959701, 959701, 959701",,,
angelides 2006,Angelides 2006,1253280,filer_name_no_prop,367,1518868.79,2003-04-04,2006-11-06,3/7/2006 12:00:00 AM,1/1/2003 12:00:00 AM,6/30/2003 12:00:00 AM,F460=367,C=367,"Democratic State Central Committee of California ($987,152); California Applicant's Attorneys Association PAC ($21,173); Dreyer, Babich, Buccola and Callaham, LLP ($12,722); Stephen M. Ross and Affiliated Entity The Related Companies ($11,257); Emanuel, Ariel Z. ($9,510)","947949, 947949, 947949, 947949, 947949",,,
"f.a.i.r.- fairness & accountability in redistricting ballot measure committee with major funding from ca rep. party, frank greinke, friends of mimi walters for senate '12 and senator dutton for sup","F.A.I.R.- Fairness & Accountability In Redistricting ballot measure committee with major funding from CA Rep. Party, Frank Greinke, Friends of Mimi Walters for Senate '12 and Senator Dutton for Sup",1339774,filer_name_no_prop,15,1506437.2,2011-10-05,2011-12-16,,10/1/2011 12:00:00 AM,12/31/2011 12:00:00 AM,F460=15,C=15,"California Republican Party ($1,506,437)","1637461, 1637461, 1637461, 1637461, 1637461",,,
newman for state senate 2016,Newman for State Senate 2016,1377779,filer_name_no_prop,120,1464312.92,2016-08-30,2016-12-22,11/8/2016 12:00:00 AM,7/1/2016 12:00:00 AM,9/24/2016 12:00:00 AM,F460=120,C=120,"California Democratic Party ($1,464,313)","2082871, 2082871, 2082871, 2082871, 2082871",,,
rusty areias for senate 2002,Rusty Areias for Senate 2002,1240503,filer_name_no_prop,523,1453642.39,2002-02-14,2004-06-30,11/5/2002 12:00:00 AM,1/20/2002 12:00:00 AM,2/16/2002 12:00:00 AM,F460=523,C=523,"Democratic State Central Committee of CA ($1,432,986); Peace Officers Research Association of CA PAC ($6,000); Dede Alpert For Senate ($3,000); Ross Communications ($1,492); Thondapu, R. ($980)","823204, 854858, 854858, 854858, 854858",,,
ling ling chang for senate 2016,Ling Ling Chang for Senate 2016,1377614,filer_name_no_prop,94,1430393.27,2015-08-27,2016-12-31,6/7/2016 12:00:00 AM,1/1/2016 12:00:00 AM,4/23/2016 12:00:00 AM,F460=94,C=94,"California Republican Party ($1,329,997); Republican Party of Orange County ($88,322); Tom Berryhill for Senate 2014 ($3,000); Docnak Photography ($1,434); Williams, Mike ($950)","2034547, 2034547, 2034547, 2034547, 2034547",,,
california republican party,California Republican Party,810163,filer_name_no_prop,144,1427525.09,2000-01-25,2014-06-23,3/7/2000 12:00:00 AM,1/23/2000 12:00:00 AM,2/19/2000 12:00:00 AM,F460=144,C=144,"Gov Schwarzenegger's CA Recovery Team ($388,207); Virco Mfg. Corp. ($106,638); Diageo ($92,279); Microsoft Corporation ($63,017); Hewlett-Packard Company ($61,583)","592439, 643532, 669549, 669549, 669549",,,
california republican party - state,California Republican Party - State,810163,filer_name_no_prop,67,1426935.44,2017-01-10,2026-04-01,,1/1/2017 12:00:00 AM,6/30/2017 12:00:00 AM,F460=67,C=67,"The Carol Ann Stout Trust ($715,000); Philip Morris USA Inc. and its Affiliates ($259,454); California Professional Firefighters PAC ($101,752); Hochman for Attorney General 2022 ($52,750); JobsPAC, A Bi-Partisan Coalition of California Employers ($44,000)","2176600, 2176600, 2176600, 2176600, 2176600",,,
neighbors for a better san francisco advocacy,NEIGHBORS FOR A BETTER SAN FRANCISCO ADVOCACY,1431167,filer_name_no_prop,5,1403374.48,2021-11-23,2022-05-06,,7/1/2021 12:00:00 AM,12/31/2021 12:00:00 AM,F460=5,C=5,"CONTE, JEAN-PIERRE ($503,808); MUHLFELD, LOUISE ($384,544); OBERNDORF, WILLIAM ($302,722); CONWAY, CHRISTOPHER ($189,480); PERRY, MARK ($22,820)","2641114, 2687321, 2673379, 2673379, 2673379",,,
governor schwarzenegger's california recovery team,Governor Schwarzenegger's California Recovery Team,1261406,filer_name_no_prop,120,1397244.98,2004-02-05,2005-11-06,,1/1/2004 12:00:00 AM,2/14/2004 12:00:00 AM,F460=120,C=120,"Committee for Workers' Compensation Reform and Accountability ($168,517); Robinson Leasing, Inc. ($147,000); Koontz, Gerda & Dean ($106,987); Britto Central ($82,000); Maloof Sports & Entertainment ($64,505)","996913, 996913, 996913, 996913, 996913",,,
lori saldana for state assembly,Lori Saldana for State Assembly,1252222,filer_name_no_prop,173,1378475.01,2004-05-26,2005-09-03,11/2/2004 12:00:00 AM,2/15/2004 12:00:00 AM,6/30/2004 12:00:00 AM,F460=173,C=173,"Democratic State Central Committee Of CA ($804,104); San Diego County Democratic Party ($559,576); Ca Firefighters - PAC ($3,745); CA League Of Conservation Voters SCC ($3,000); The California List ($2,118)","1032349, 1032349, 1032349, 1032349, 1032349",,,
poythress for senate 2018,Poythress for Senate 2018,1398994,filer_name_no_prop,69,1375849.91,2017-10-24,2018-12-13,,7/1/2017 12:00:00 AM,12/31/2017 12:00:00 AM,F460=69,C=69,"California Republican Party ($1,227,243); Los Angeles Republican Central Committee ($70,000); Orange County Republican Central Committee ($50,000); Spencer, Richard ($4,230); Rava Ranches, Inc ($4,135)","2206478, 2206478, 2206478, 2206478, 2253958",,,
"california coalition for fairness, sponsored by manufacturers","CALIFORNIA COALITION FOR FAIRNESS, SPONSORED BY MANUFACTURERS",1431407,filer_name_no_prop,15,1351939.15,2020-09-01,2022-03-30,,10/1/2020 12:00:00 AM,12/31/2020 12:00:00 AM,F460=15,C=15,"PHILIP MORRIS USA INC. AND ITS AFFILIATES ($713,002); R.J. REYNOLDS TOBACCO COMPANY AND ITS AFFILIATES ($638,938)","2551396, 2551396, 2551396, 2551396, 2551396",,,
janet nguyen for senate 2014,JANET NGUYEN FOR SENATE 2014,1355589,filer_name_no_prop,56,1350992.58,2013-11-06,2015-03-02,6/3/2014 12:00:00 AM,3/18/2014 12:00:00 AM,5/17/2014 12:00:00 AM,F460=56,C=56,"CALIF. REPUBLICAN PARTY ($1,256,121); REPUBLICAN CENTRAL COMMITTEE OF SAN LUIS OBISPO COUNTY ($81,034); BRIXEN & SONS, INC. ($2,000); LIU, XIANG ($1,552); BLUE RESTAURANT & DANCING ($1,000)","1853107, 1853107, 1853107, 1853107, 1853107",,,
catherine blakespear for senate 2022,Catherine Blakespear for Senate 2022,1436941,filer_name_no_prop,128,1323506.17,2022-04-10,2022-11-08,6/7/2022 12:00:00 AM,1/1/2022 12:00:00 AM,4/23/2022 12:00:00 AM,F460=128,C=128,"California Democratic Party ($1,320,781); Tasha Boerner Horvath for Assembly 2022 ($1,865); Consumer Attorneys Consumer Protection Fund ($535); Black, Laurie ($325)","2673571, 2687324, 2687324, 2687324, 2687324",,,
laurie davies for assembly 2024,Laurie Davies For Assembly 2024,1456600,filer_name_no_prop,22,1310777.72,2023-08-17,2024-10-30,,7/1/2023 12:00:00 AM,12/31/2023 12:00:00 AM,F460=22,C=22,"California Republican Party ($1,297,615); Carl DeMaio for Republican Central Committee 2028 ($5,500); Captain Dave's ($4,750); Juan Alanis for Assembly 2024 ($1,631); Almquist, Dan ($848)","2873100, 2873100, 2895326, 2956494, 2956494",,,
jeff denham for senate,JEFF DENHAM FOR SENATE,1240178,filer_name_no_prop,70,1286706.02,2002-07-08,2002-12-03,11/5/2002 12:00:00 AM,7/1/2002 12:00:00 AM,9/30/2002 12:00:00 AM,F460=70,C=70,"CALIF. REPUBLICAN PARTY ($1,184,880); KERN COUNTY REPUBLICAN PARTY ($73,995); MONTEREY COUNTY REPUBLICAN PARTY ($21,168); GILL, DAVID ($2,600); Swanson Farms, Inc. ($1,356)","871371, 871371, 871371, 871371, 871371",,,
tasha boerner horvath for assembly 2020,Tasha Boerner Horvath for Assembly 2020,1414240,filer_name_no_prop,137,1269293.14,2019-02-12,2020-10-30,,1/1/2019 12:00:00 AM,6/30/2019 12:00:00 AM,F460=137,C=137,"California Democratic Party ($1,263,783); Cox Communications and Affiliated Entities ($1,350); Consumer Attorneys of California Consumer Protection Fund ($1,232); Tsakopoulos, Chrysanthy ($1,166); Alyea, Chris Van ($907)","2399954, 2399954, 2399954, 2434978, 2434978",,,
californians for clean energy and jobs,Californians for Clean Energy and Jobs,1324059,filer_name_no_prop,33,1266263.4,2010-07-01,2010-10-13,11/2/2010 12:00:00 AM,10/1/2010 12:00:00 AM,10/16/2010 12:00:00 AM,F460=33,C=33,"Khosla, Vinod ($1,037,267); Packard, Julie E. ($101,895); Union of Concerned Scientists, Inc. ($52,689); Nike, Inc. ($20,958); Consumers Union ($13,777)","1532084, 1532084, 1532084, 1532084, 1532084",,,
"californians working together to restore and protect public schools, universities and public safety, a coalition of educators, public school employees, working men and women, doctors, speaker john a.","Californians Working Together to Restore and Protect Public Schools, Universities and Public Safety, a Coalition of Educators, Public School Employees, Working Men and Women, Doctors, Speaker John A.",1346049,filer_name_no_prop,44,1260439.58,2012-04-02,2012-06-29,,4/1/2012 12:00:00 AM,6/30/2012 12:00:00 AM,F460=44,C=44,"Democratic State Central Committee of CA ($1,041,250); Service Employees Int'l Union Local 1000 Issues PAC ($53,218); Service Employees Int'l Union Local 99 Issues PAC ($44,484); SEIU 6434 United Long Term Care Workers State PAC ($31,869); Service Employees Int'l Union Local 721 ($27,273)","1680019, 1680019, 1680019, 1680019, 1680019",,,
dean gardner for assembly campaign 2004,Dean Gardner for Assembly Campaign 2004,1260497,filer_name_no_prop,72,1243941.1,2004-03-12,2005-01-06,11/2/2004 12:00:00 AM,2/15/2004 12:00:00 AM,6/30/2004 12:00:00 AM,F460=72,C=72,"California Republican Party ($1,154,049); Fresno County Republican Party ($25,000); Kings County Republican Central Committee ($25,000); Tulare County Republican Party ($24,000); Madera County Republican Party ($5,000)","1033000, 1033000, 1033000, 1033000, 1033000",,,
steve clute for assembly,Steve Clute for Assembly,1280116,filer_name_no_prop,155,1219202.69,2006-04-21,2006-11-20,,3/18/2006 12:00:00 AM,5/20/2006 12:00:00 AM,F460=155,C=155,"Democratic State Central Committee of CA ($754,806); Stanislaus County Democratic Central Committee ($235,720); Sacramento County Democratic Central Committee ($205,500); Int'l Union of Operating Engineers Local 12 ($11,700); SEIU, L.A. Homecare Worker Union, Local 434-B ($6,000)","1174583, 1174583, 1204583, 1204583, 1204583",,,
california works: senator toni atkins ballot measure committee,California Works: Senator Toni Atkins Ballot Measure Committee,1357909,filer_name_no_prop,48,1215280.76,2017-08-07,2023-06-15,,7/1/2017 12:00:00 AM,12/31/2017 12:00:00 AM,F460=48,C=48,"California Democratic Party ($949,721); Neighbors for a Better San Francisco Advocacy ($110,000); Moving CA Forward a Committee Controlled by Anthony Portantino ($64,397); Anheuser-Busch Companies Inc. ($35,000); Newsom for California Governor 2022 ($16,657)","2203140, 2295763, 2311966, 2394990, 2394990",,,
pilar schiavo for assembly 2024,Pilar Schiavo for Assembly 2024,1457210,filer_name_no_prop,169,1201050.93,2023-08-24,2024-11-05,3/5/2024 12:00:00 AM,1/1/2024 12:00:00 AM,1/20/2024 12:00:00 AM,F460=169,C=169,"California Democratic Party ($1,191,181); California Building Industry Association PAC (CBIA PAC) ($4,000); California Correctional Peace Officers Association PAC ($4,000); ProChoice Your Voter Guide ($500); Mark Gonzalez for Assembly 2024 ($400)","2872499, 2872499, 2869293, 2869293, 2869293",,,
sharon quirk-silva for assembly 2016,Sharon Quirk-Silva for Assembly 2016,1374022,filer_name_no_prop,195,1189324.67,2015-09-26,2016-11-08,6/7/2016 12:00:00 AM,1/1/2016 12:00:00 AM,4/23/2016 12:00:00 AM,F460=195,C=195,"California Democratic Party ($1,181,866); Belmont, Jeff ($2,635); Faculty for Our University's Future Local Committee, Sponsored by the California Faculty Association ($1,804); SEIU Local 2015 State PAC ($923); Create-A-Party Rental ($912)","2034999, 2034999, 2011692, 2083697, 2083697",,,
medina for assembly 2012,Medina for Assembly 2012,1335892,filer_name_no_prop,173,1178728.25,2012-07-02,2012-11-05,11/6/2012 12:00:00 AM,10/1/2012 12:00:00 AM,10/20/2012 12:00:00 AM,F460=173,C=173,"Democratic State Central Committee of California ($1,178,728)","1704589, 1704589, 1704589, 1704589, 1704589",,,
sabrina cervantes for state assembly 2016,Sabrina Cervantes for State Assembly 2016,1377654,filer_name_no_prop,175,1172298.54,2015-09-19,2016-11-07,,7/1/2015 12:00:00 AM,12/31/2015 12:00:00 AM,F460=175,C=175,"California Democratic Party ($1,163,294); Gould & Orellana, LLC ($2,500); Gonzalez, Ruben ($1,016); Melendez, David ($815); Cervantes, Gregorio C. ($802)","2005814, 2005814, 2005814, 2005814, 2005814",,,
jacqui irwin for state assembly 2014,Jacqui Irwin for State Assembly 2014,1362508,filer_name_no_prop,155,1143212.71,2014-02-19,2014-11-04,,10/19/2014 12:00:00 AM,12/31/2014 12:00:00 AM,F460=155,C=155,"Democratic State Central Committee of CA ($1,126,110); California Professional Firefighters PAC ($8,134); Janss, Lawrence ($2,000); Painters and Allied Trades District Council No. 36 Political Action Committee ($1,451); Sinclair, Keith ($750)","1931590, 1931590, 1931590, 1931590, 1931590",,,
catharine baker for assembly 2016,Catharine Baker for Assembly 2016,1373797,filer_name_no_prop,156,1117681.4,2014-12-10,2016-11-08,6/7/2016 12:00:00 AM,1/1/2014 12:00:00 AM,12/31/2014 12:00:00 AM,F460=156,C=156,"California Republican Party ($1,042,103); Tulare County Republican Central Committee ($24,400); Contra Costa Republican Party ($4,200); Clancy Investment Company, LLC ($3,400); California Building Industry Association PAC  (CBIA PAC) ($3,200)","1936102, 1981798, 1981798, 1981798, 1981798",,,
hurtado for senate 2022,Hurtado for Senate 2022,1414453,filer_name_no_prop,278,1115307.21,2019-02-27,2022-11-08,,7/1/2019 12:00:00 AM,12/31/2019 12:00:00 AM,F460=278,C=278,"California Democratic Party ($1,090,854); Vision Service Plan (VSP) ($4,700); Kern County Fire Fighters Union Local 1301 PAC ($4,135); AT&T California Employee PAC Small Contributor Committee ($3,940); FairPAC, Sponsored by the Civil Justice Association of California ($3,301)","2443071, 2443071, 2443071, 2443071, 2443071",,,
sabrina cervantes for assembly 2020,Sabrina Cervantes for Assembly 2020,1414122,filer_name_no_prop,120,1113856.0,2019-03-25,2020-10-30,,1/1/2019 12:00:00 AM,6/30/2019 12:00:00 AM,F460=120,C=120,"California Democratic Party ($1,103,570); Pepsico, Inc. and Affiliated Entities ($4,700); Urban Associates, Inc. ($3,428); Rizio Law Firm ($1,069); California Association of Health Plans PAC ($1,007)","2399880, 2399880, 2487252, 2487252, 2487252",,,
wilk for senate 2016,Wilk for Senate 2016,1383880,filer_name_no_prop,45,1112050.79,2016-01-01,2016-11-04,6/7/2016 12:00:00 AM,4/24/2016 12:00:00 AM,5/21/2016 12:00:00 AM,F460=45,C=45,"California Republican Party ($1,088,394); Republican Central Committee of San Luis Obispo County ($18,700); 38th Assembly District Republican Central Committee ($1,423); BGL Multimedia Inc ($1,400); The Walt Disney Co via Disney Worldwide Services  Inc. ($668)","2046294, 2046294, 2046294, 2055241, 2055241",,,
diedre thu-ha nguyen for assembly 2020,Diedre Thu-Ha Nguyen for Assembly 2020,1421331,filer_name_no_prop,129,1095118.84,2019-12-01,2020-10-30,3/3/2020 12:00:00 AM,1/19/2020 12:00:00 AM,2/15/2020 12:00:00 AM,F460=129,C=129,"California Democratic Party ($1,094,836); PrivacyPAC:NARAL Pro-Choice California ($282)","2455636, 2455636, 2455636, 2455636, 2455636",,,
"californians for fair gambling policy, sponsored by bay meadows and hollywood park racetracks, unite here international union","Californians for Fair Gambling Policy, sponsored by Bay Meadows and Hollywood Park Racetracks, UNITE HERE International Union",1300272,filer_name_no_prop,7,1082500.0,2007-07-31,2007-09-30,,1/1/2007 12:00:00 AM,9/30/2007 12:00:00 AM,F460=7,C=7,"Fair Public Policy Coalition ($1,070,000); Bay Meadows  Race Track ($6,250); Hollywood Park Race Track ($6,250)","1297654, 1297654, 1297654, 1297654, 1297654",,,
marc steinorth for assembly 2016,Marc Steinorth for Assembly 2016,1373710,filer_name_no_prop,49,1080266.69,2015-06-22,2016-11-04,6/7/2016 12:00:00 AM,1/1/2015 12:00:00 AM,6/30/2015 12:00:00 AM,F460=49,C=49,"CA Republican Party ($787,079); Republican Central Committee of San Luis Obispo County ($270,716); Tulare County Republican Central Committee ($14,100); California Life Sciences Association Political Action Action Committee ($1,857); Kennedy, Lynne ($1,512)","1982316, 1982316, 1982316, 2034646, 2034646",,,
dave min for state senate 2020,Dave Min for State Senate 2020,1414941,filer_name_no_prop,165,1078602.29,2019-02-22,2020-12-01,,1/1/2019 12:00:00 AM,6/30/2019 12:00:00 AM,F460=165,C=165,"California Democratic Party ($1,059,092); Fujii, Ford ($3,957); Fujii, Mari ($3,181); California Professional Firefighters PAC ($2,500); Nicholas, Stacey ($2,135)","2400049, 2400049, 2400049, 2400049, 2400049",,,
christy holstege for assembly 2024,Christy Holstege for Assembly 2024,1459171,filer_name_no_prop,184,1070488.1,2023-08-22,2024-11-05,,7/1/2023 12:00:00 AM,12/31/2023 12:00:00 AM,F460=184,C=184,"California Democratic Party ($1,045,679); Weiner, Fai ($5,500); Consumer Attorneys Consumer Protection Fund Small Contributor Committee ($5,211); Weiner, Eli ($4,500); Lulu California Bistro ($2,600)","2872561, 2872561, 2872561, 2872561, 2872561",,,
barbara matthews for state assembly,Barbara Matthews for State Assembly,990390,filer_name_no_prop,340,1060668.78,2000-01-17,2000-12-19,3/7/2000 12:00:00 AM,1/23/2000 12:00:00 AM,2/19/2000 12:00:00 AM,F460=340,C=340,"Assembly Democratic Leadership 2000 ($716,184); Democratic State Central Committee of California ($179,147); Senate Majority Fund ($132,707); MIke Machado for Assembly ($5,185); Machado for Senate 2000 ($4,753)","591372, 591372, 578459, 578459, 643928",,,
friends of hannah-beth jackson 2008,Friends of Hannah-Beth Jackson 2008,1273013,filer_name_no_prop,157,1057676.24,2008-05-22,2008-12-17,,10/19/2008 12:00:00 AM,12/31/2008 12:00:00 AM,F460=157,C=157,"Democratic State Central Committee of CA ($1,035,533); Santa Barbara County Democratic Central Cmte. ($2,926); CA List ($2,827); Voter Education & Registration Fund ($2,724); Friends of Lois Capps ($2,411)","1397883, 1397883, 1397883, 1397883, 1397883",,,
machado for senate 2004,Machado for Senate 2004,1238907,filer_name_no_prop,261,1050776.54,2001-09-20,2004-11-18,3/2/2004 12:00:00 AM,1/1/2004 12:00:00 AM,1/17/2004 12:00:00 AM,F460=261,C=261,"Democratic State Central Committee of California ($1,029,562); Pacific Lumber Company - PALCO ($2,950); Tri-Cal, Inc. ($2,600); Kaiser Permanente ($2,264); Republic Service, Inc. ($1,598)","984971, 997092, 822965, 822965, 856573",,,
"californians to restore local taxpayers' right to vote on taxes, sponsored by homeowners, businesses, and taxpayers","Californians to Restore Local Taxpayers' Right to Vote on Taxes, sponsored by homeowners, businesses, and taxpayers",1484860,filer_name_no_prop,8,1038217.78,2026-01-14,2026-03-10,,1/1/2026 12:00:00 AM,3/31/2026 12:00:00 AM,F460=8,C=8,"Protect Prop. 13, a project of the Howard Jarvis Taxpayers Association ($1,038,218)","3145841, 3145841, 3145841, 3145841, 3145841",,,
melissa fox for state assembly 2020,Melissa Fox for State Assembly 2020,1414969,filer_name_no_prop,164,1025609.01,2019-06-07,2020-10-30,3/3/2020 12:00:00 AM,1/1/2020 12:00:00 AM,1/18/2020 12:00:00 AM,F460=164,C=164,"California Democratic Party ($1,017,253); California Professional Firefighters PAC Small Contributor Committee ($2,483); Lia, Melody ($1,881); Thorburn, Andrew ($1,000); Penn, Michael ($727)","2435016, 2435016, 2455544, 2455544, 2455544",,,
sherard for state assembly,Sherard For State Assembly,1284981,filer_name_no_prop,153,1022421.37,2006-09-15,2006-11-10,11/7/2006 12:00:00 AM,7/1/2006 12:00:00 AM,9/30/2006 12:00:00 AM,F460=153,C=153,"Democratic State Central Committee of CA ($592,380); San Luis Obispo County Democratic Central Committe ($125,000); Stanislaus County Democratic Central Committee ($125,000); Sacramento County Democractic Central Committee ($88,971); San Diego County Democratic Party - Central Committee ($85,000)","1204884, 1204884, 1204884, 1204884, 1204884",,,
rocha for senate 2022,Rocha for Senate 2022,1443327,filer_name_no_prop,35,1015880.32,2022-08-24,2022-11-08,11/8/2022 12:00:00 AM,7/1/2022 12:00:00 AM,9/24/2022 12:00:00 AM,F460=35,C=35,"California Democratic Party ($1,015,615); Knab, Mikey ($265)","2726520, 2744663, 2744663, 2744663, 2744663",,,
christy holstege for assembly 2022,Christy Holstege for Assembly 2022,1439961,filer_name_no_prop,145,1015795.83,2021-11-20,2022-11-08,,1/1/2021 12:00:00 AM,12/31/2021 12:00:00 AM,F460=145,C=145,"California Democratic Party ($987,964); Fernandez, Octavio ($4,900); Ace Hotel & Swim Club ($4,315); Weiner, Eli ($4,062); Weiner, Fai ($4,062)","2644234, 2687310, 2687310, 2673585, 2673585",,,
jones-sawyer for assembly 2020,JONES-SAWYER FOR ASSEMBLY 2020,1414383,filer_name_no_prop,133,1007612.06,2019-02-09,2024-06-30,3/3/2020 12:00:00 AM,1/1/2019 12:00:00 AM,6/30/2019 12:00:00 AM,F460=133,C=133,"California Democratic Party ($969,432); Jones-Sawyer for Assembly 2022 ($25,547); Tran, Benny ($4,700); Austin, Daysha ($4,500); Smart Justice California ($1,280)","2397385, 2397385, 2435098, 2435098, 2435098",,,
johnathon ervin for state senate 2016,Johnathon Ervin for State Senate 2016,1378037,filer_name_no_prop,137,1005591.6,2016-04-22,2016-11-08,6/7/2016 12:00:00 AM,1/1/2016 12:00:00 AM,4/23/2016 12:00:00 AM,F460=137,C=137,"California Democratic Party ($1,002,704); Los Angeles County Democratic Party ($2,087); Chowdhury, Moazzem ($800)","2034060, 2046762, 2046762, 2046762, 2046762",,,
california credit union league pac,California Credit Union League PAC,760225,filer_name_no_prop,3028,1003391.12,2002-01-22,2018-10-24,3/5/2002 12:00:00 AM,1/1/2002 12:00:00 AM,2/16/2002 12:00:00 AM,F460=3028,C=3028,"California Credit Union League ($240,582); California Credit Union League (Fundraising) ($136,904); California Credit Union League (CCUL) ($129,955); EdVoice Independent Expenditure Committee ($57,028); Californians for Jobs and Strong Economy ($48,364)","822109, 822109, 854204, 854204, 854204",,,
people's advocate initiative committee,PEOPLE'S ADVOCATE INITIATIVE COMMITTEE,990603,filer_name_no_prop,34,999297.16,2005-11-01,2014-12-20,,10/23/2005 12:00:00 AM,12/31/2005 12:00:00 AM,F460=34,C=34,"California Republican Party ($517,729); Western Pacific Research, Inc ($213,208); People's Advocate, Inc ($155,101); Congressional Majority Committee ($66,200); Johnson Clark Assoc ($26,254)","1144478, 1144478, 1144478, 1144478, 1144478",,,
lisa middleton for state senate 2024,LISA MIDDLETON FOR STATE SENATE 2024,1459150,filer_name_no_prop,126,999060.43,2023-06-17,2024-11-05,3/5/2024 12:00:00 AM,1/1/2023 12:00:00 AM,6/30/2023 12:00:00 AM,F460=126,C=126,"CALIFORNIA DEMOCRATIC PARTY ($977,883); LULU CALIFORNIA BISTRO ($5,500); LESLIE, ASHAN ($3,313); LESLIE, SAM ($3,313); GARDNER FOR DHS COUNCIL 2022 ($3,149)","2830425, 2830425, 2830425, 2894477, 2932472",,,
pavley for senate 2012,Pavley for Senate 2012,1314513,filer_name_no_prop,189,993597.32,2009-10-17,2012-11-06,6/5/2012 12:00:00 AM,1/1/2010 12:00:00 AM,6/30/2010 12:00:00 AM,F460=189,C=189,"DEMOCRATIC STATE CENTRAL COMMITTEE OF CALIFORNIA ($985,289); CA Professional Firefighters PAC (Small Cont. Comm.) ($3,923); Bochco, Dayna ($3,225); Large Scale Solar Association PAC ($1,095); Planned Parenthood Advocacy Project Los Angeles County Action Fund ($64)","1507393, 1465771, 1664218, 1664218, 1664218",,,
o'connell leadership 2010,O'Connell Leadership 2010,1298626,filer_name_no_prop,1,992220.0,2007-06-01,2007-06-01,,1/1/2007 12:00:00 AM,6/30/2007 12:00:00 AM,F460=1,C=1,"Hastings, Reed ($992,220)",1285479,,,
porsche middleton for assembly 2024,Porsche Middleton for Assembly 2024,1458016,filer_name_no_prop,93,985643.64,2023-06-27,2024-11-05,,1/1/2023 12:00:00 AM,6/30/2023 12:00:00 AM,F460=93,C=93,"California Democratic Party ($975,802); Russian American Media, Inc. ($3,500); Barreto, Ricardo ($1,500); NB Companies, LLC(Nan Lin) ($1,000); PrivacyPAC: Reproductive Freedom for All California ($787)","2833096, 2833096, 2833096, 2833096, 2833096",,,
greg wallis for assembly 2024,Greg Wallis for Assembly 2024,1456955,filer_name_no_prop,23,978630.22,2023-06-19,2025-03-10,3/5/2024 12:00:00 AM,1/1/2023 12:00:00 AM,6/30/2023 12:00:00 AM,F460=23,C=23,"California Republican Party ($966,467); Bozick, Nicholas ($3,094); Bozick, Stephanie ($3,094); FairPAC, Sponsored by the Civil Justice Association of California ($2,759); Chase Card Services ($1,569)","2834913, 2935303, 2935303, 2935303, 2935303",,,
rosilicie ochoa bogh for senate 2024,Rosilicie Ochoa Bogh for Senate 2024,1435065,filer_name_no_prop,23,973035.45,2023-02-08,2024-10-30,,1/1/2023 12:00:00 AM,6/30/2023 12:00:00 AM,F460=23,C=23,"California Republican Party ($947,181); AMG Sign Company Inc. ($11,000); General Outdoor Advertising ($9,999); Mission Pediatrics Inc. ($2,500); Barich, Paul ($1,031)","2832344, 2895276, 2895276, 2934508, 2934508",,,
homeowners and tenants united sponsored by aids healthcare foundation,Homeowners and Tenants United Sponsored by AIDS Healthcare Foundation,1418902,filer_name_no_prop,152,959572.27,2019-07-13,2019-12-31,,7/1/2019 12:00:00 AM,9/30/2019 12:00:00 AM,F460=152,C=152,"AIDS Healthcare Foundation ($959,572)","2419919, 2419919, 2419919, 2419919, 2419919",,,
podesto for senate,PODESTO FOR SENATE,1256166,filer_name_no_prop,98,945282.51,2003-10-14,2005-04-07,3/2/2004 12:00:00 AM,10/1/2003 12:00:00 AM,12/31/2003 12:00:00 AM,F460=98,C=98,"CALIF. REPUBLICAN PARTY ($925,377); BASSO, GREG ($2,500); SPECHT, DENNIS ($2,500); SPECHT, JENNIE ($2,500); BASSO, NOREEN ($2,400)","979607, 979607, 979607, 1044694, 1044694",,,
ira ruskin democrat for assembly,Ira Ruskin Democrat for Assembly,1252809,filer_name_no_prop,289,942275.23,2003-06-23,2004-12-31,3/2/2004 12:00:00 AM,1/1/2003 12:00:00 AM,6/30/2003 12:00:00 AM,F460=289,C=289,"Democratic State Central Committee of Ca. ($661,604); Santa Clara County Democratic Committee United Democratic Campaign ($222,873); Democratic State Central Committee of CA ($43,998); CA League of Conservation Voters ($3,750); Encore Performance Catering ($2,300)","947353, 947353, 959559, 959559, 959559",,,
californians for schwarzenegger - 2006,Californians for Schwarzenegger - 2006,1261585,filer_name_no_prop,161,928447.07,2004-04-22,2007-12-31,11/6/2006 12:00:00 AM,1/1/2004 12:00:00 AM,6/30/2004 12:00:00 AM,F460=161,C=161,"California Republican Party ($43,440); Grand Havana Room ($30,700); Saban, Cheryl ($22,300); Saban, Haim ($22,300); Zinn, Ellen ($22,300)","1032298, 1081374, 1081374, 1081374, 1081374",,,
"major general richard d. roth, usaf (ret.) for senate 2012 (reopened)","Major General Richard D. Roth, USAF (Ret.) for Senate 2012 (Reopened)",1343709,filer_name_no_prop,147,918465.23,2012-08-06,2012-11-06,11/6/2012 12:00:00 AM,10/21/2012 12:00:00 AM,12/31/2012 12:00:00 AM,F460=147,C=147,"Democratic State Central Committee of California ($917,028); Roth, Cindy ($1,437)","1740350, 1740350, 1740350, 1740350, 1695274",,,
friends of joan buchanan,Friends of Joan Buchanan,1299423,filer_name_no_prop,200,913000.73,2007-09-13,2008-12-17,6/3/2008 12:00:00 AM,1/1/2007 12:00:00 AM,12/31/2007 12:00:00 AM,F460=200,C=200,"California Democratic Party ($864,166); Buchanan, Joan T ($33,181); California Professional Firefighters PAC ($7,200); American Federation of State, County and Municipal Employees Local 3299 PAC ($2,324); The California List ($1,954)","1311930, 1320244, 1320244, 1352101, 1352101",,,
"caltravel pac, sponsored by california travel association","CalTravel PAC, Sponsored by California Travel Association",923507,filer_name_no_prop,268,897783.24,2019-03-13,2026-02-10,,1/1/2019 12:00:00 AM,6/30/2019 12:00:00 AM,F460=268,C=268,"Visit Santa Barbara ($41,733); Visit San Luis Obispo County ($38,545); Santa Monica Travel & Tourism ($30,311); USA Today ($30,000); Meetings & Conventions ($24,100)","2393842, 2393842, 2393842, 2393842, 2393842",,,
working hero action for the living wage act,Working Hero Action for the Living Wage Act,1444698,filer_name_no_prop,2,876568.5,2022-02-15,2024-01-23,,1/1/2022 12:00:00 AM,3/31/2022 12:00:00 AM,F460=2,C=2,"Sanberg, Joseph N. ($876,568)","2673141, 2887605",,,
todd zink for senate 2012,TODD ZINK FOR SENATE 2012,1345594,filer_name_no_prop,45,870446.62,2012-03-13,2012-11-02,6/5/2012 12:00:00 AM,3/18/2012 12:00:00 AM,5/19/2012 12:00:00 AM,F460=45,C=45,"SAN LUIS OBISPO COUNTY REPUBLICAN PARTY ($517,151); CALIF. REPUBLICAN PARTY ($184,847); CALIF. REPUBLICAN LEADERSHIP FUND ($73,140); SACRAMENTO COUNTY REPUBLICAN PARTY ($39,227); TULARE COUNTY REPUBLICAN PARTY ($25,684)","1663403, 1663403, 1663403, 1647050, 1677724",,,
the micra california pac of norcal mutual insurance company,The MICRA California PAC of NORCAL Mutual Insurance Company,1264748,filer_name_no_prop,129,113567.71,2006-07-21,2016-12-13,,10/22/2006 12:00:00 AM,12/31/2006 12:00:00 AM,F460=129,C=129,"NORCAL Mutual Insurance Company ($113,568)","1234855, 1284520, 1284520, 1284520, 1284520",[random sample],,
young kim for assembly 2016,Young Kim for Assembly 2016,1373918,filer_name_no_prop,67,524925.64,2015-06-24,2017-02-22,,1/1/2015 12:00:00 AM,6/30/2015 12:00:00 AM,F460=67,C=67,"California Republican Party ($433,887); Orange County Republican Party ($74,987); Song, Roger ($4,180); Pepsico Incorporated and affiliated entitites ($2,351); Schroeder, Vivian ($2,037)","1981477, 2035190, 2035190, 2035190, 2035190",[random sample],,
furutani for assembly,Furutani for Assembly,1299461,filer_name_no_prop,29,30947.75,2007-10-13,2008-01-04,12/11/2007 12:00:00 AM,10/28/2007 12:00:00 AM,11/24/2007 12:00:00 AM,F460=29,C=29,"Democratic State Central Committee of CA ($25,123); Laborers Union Local #507 ($1,828); Zen, Peter ($1,179); Piazza, Ron ($736); Piazza Family Restaurant ($551)","1299819, 1299819, 1299819, 1298261, 1298261",[random sample],,
california grape & tree fruit league fruitpac sponsored by: california grape & tree fruit league,California Grape & Tree Fruit League FruitPAC  Sponsored by:  California Grape & Tree Fruit League,800697,filer_name_no_prop,32,37390.94,2003-03-24,2013-10-11,,1/1/2003 12:00:00 AM,6/30/2003 12:00:00 AM,F460=32,C=32,"California Grape & Tree Fruit League ($29,571); Monterey Plaza Hotel & Spa ($1,250); Four Seasons Biltmore Hotel ($1,200); Miramonte Resort ($950); Ritz Carlton ($895)","947043, 947043, 947043, 947043, 1032285",[random sample],,
friends of steve westly,Friends Of Steve Westly,1230847,filer_name_no_prop,23,42306.67,2003-01-06,2004-06-30,11/5/2002 12:00:00 AM,1/1/2003 12:00:00 AM,6/30/2003 12:00:00 AM,F460=23,C=23,"CA State Council Of Service Employees COPE ($10,000); Linebarger Goggan Blair & Sampson LLP ($7,833); Burkle, Ronald ($6,892); ULLICO Management Co ($4,596); Brophy, John ($3,933)","948432, 948432, 948432, 948432, 948432",[random sample],,
service employees international union united service workers west (seiu usww) candidate pac,Service Employees International Union United Service Workers West (SEIU USWW) Candidate PAC,1278808,filer_name_no_prop,20,81631.35,2015-03-04,2024-09-23,,1/1/2015 12:00:00 AM,6/30/2015 12:00:00 AM,F460=20,C=20,"Service Employees International Union United Service Workers West (SEIU USWW) ($81,631)","1976461, 1976461, 1976461, 1976461, 1976461",[random sample],,
service employees international union local 521 candidate pac,Service Employees International Union Local 521 Candidate PAC,1297708,filer_name_no_prop,142,124762.0,2007-07-02,2019-11-27,6/3/2008 12:00:00 AM,1/1/2008 12:00:00 AM,3/17/2008 12:00:00 AM,F460=142,C=142,"Service Employees International Union Local 521 ($124,762)","1320368, 1320368, 1320368, 1308294, 1308294",[random sample],,
jeff mangar for judge 2020,Jeff Mangar For Judge 2020,1422334,filer_name_no_prop,9,11256.61,2019-11-13,2020-04-14,,2/16/2020 12:00:00 AM,4/29/2020 12:00:00 AM,F460=9,C=9,"Samran, Parwinder ($3,400); Surla's ($1,512); Saini, Ram ($1,500); Forcade, Jocelyn ($1,096); Hollowell, Katie ($1,096)","2469068, 2455389, 2455389, 2455389, 2434853",[random sample],,
kuo for senate 2024,KUO FOR SENATE 2024,1461826,filer_name_no_prop,2,154446.34,2024-02-21,2024-03-01,,2/18/2024 12:00:00 AM,5/31/2024 12:00:00 AM,F460=2,C=2,"CALIFORNIA REPUBLICAN PARTY ($154,446)","2917328, 2917328",[random sample],,
hagman for assembly,Hagman for Assembly,1297721,filer_name_no_prop,22,16502.41,2007-05-11,2008-11-11,6/3/2008 12:00:00 AM,7/1/2007 12:00:00 AM,12/31/2007 12:00:00 AM,F460=22,C=22,"Hagman, Curt C. ($2,718); Un, Jane ($2,400); Foster, Jerry C. ($2,376); Bu-Sha Center ($1,980); Cheng, Peichin Lee ($1,000)","1310995, 1310995, 1310995, 1285233, 1285233",[random sample],,
california medical association small contributor committee,California Medical Association Small Contributor Committee,1231460,filer_name_no_prop,18,459910.71,2001-03-31,2019-12-27,,1/1/2001 12:00:00 AM,3/31/2001 12:00:00 AM,F460=18,C=18,"California Medical Association ($459,911)","743445, 768490, 785415, 804470, 809712",[random sample],,
citizens for after school programs,Citizens for After School Programs,1240592,filer_name_no_prop,7,476671.72,2001-11-08,2002-03-18,11/5/2002 12:00:00 AM,1/1/2001 12:00:00 AM,12/31/2001 12:00:00 AM,F460=7,C=7,"Folino, Paul ($252,601); Samueli, Henry ($119,231); Broad, Eli ($101,985); Schwarzenegger, Arnold ($2,355); Yana Bridle Photographer ($500)","813877, 813877, 839792, 839792, 839792",[random sample],,
mazarei for assembly 2020; ali,MAZAREI FOR ASSEMBLY 2020; ALI,1419555,filer_name_no_prop,5,139939.98,2020-01-07,2020-06-29,3/3/2020 12:00:00 AM,1/1/2020 12:00:00 AM,1/18/2020 12:00:00 AM,F460=5,C=5,"IE Commerce Business 2 Business ($112,990); Arco Travel Zone Center, Ali ($18,950); Arco Travel Zone Center ($8,000)","2434849, 2434849, 2434849, 2486445, 2486445",[random sample],,
stand with sandra fluke for state senate 2014,Stand with Sandra Fluke for State Senate 2014,1363476,filer_name_no_prop,85,43665.0,2014-02-14,2016-06-21,6/3/2014 12:00:00 AM,3/18/2014 12:00:00 AM,5/17/2014 12:00:00 AM,F460=85,C=85,"Fluke, Sandra ($32,081); Citi Cards - Card Ending in 4198 ($5,435); Hughes, Mary ($2,348); Shipper, Sander ($1,436); Citi Cards - Card Ending in 9534 ($970)","1854374, 1832658, 1904916, 1904916, 1904916",[random sample],,
denham for senate,DENHAM FOR SENATE,1240178,filer_name_no_prop,30,40182.89,2001-12-01,2002-06-30,3/5/2002 12:00:00 AM,1/1/2001 12:00:00 AM,12/31/2001 12:00:00 AM,F460=30,C=30,"California Republican Party ($11,456); Ruddy, Mr. & Mrs. Martin J. ($4,000); Gaylord Paper ($3,000); International Paper ($3,000); Gavilan Printers ($3,000)","804395, 804395, 804395, 856811, 856811",[random sample],,
haney for state assembly 2022,Haney for State Assembly 2022,1442544,filer_name_no_prop,16,12740.53,2021-12-01,2022-04-19,2/15/2022 12:00:00 AM,1/1/2021 12:00:00 AM,12/31/2021 12:00:00 AM,F460=16,C=16,"San Francisco Fire Fighters Local 798 PAC ($3,103); Kaiyo Rooftop(John Park) ($2,734); Theatrical Stage Employees Local 16 IATSE ($2,302); San Francisco Building and Trades Council PAC ($1,800); Carbonaro, Darryl ($795)","2646003, 2646003, 2646003, 2647161, 2646003",[random sample],,
zoe carter for state assembly 2022,Zoe Carter for State Assembly 2022,1443837,filer_name_no_prop,1,1778.0,2022-04-04,2022-04-04,6/7/2022 12:00:00 AM,1/1/2022 12:00:00 AM,4/23/2022 12:00:00 AM,F460=1,C=1,"Neves, Lee ($1,778)",2673738,[random sample],,
eloise reyes for assembly 2016,Eloise Reyes for Assembly 2016,1381092,filer_name_no_prop,9,9350.54,2016-03-23,2016-10-16,6/7/2016 12:00:00 AM,1/1/2016 12:00:00 AM,4/23/2016 12:00:00 AM,F460=9,C=9,"SIERRA CLUB POLITICAL COMMITTEE ($3,796); PROGRESSIVE LEADERSHIP POLITICAL ACTION COMMITTEE ($3,000); CENTAURNORTH STRATEGIES ($1,000); CONSUMER ATTORNEYS OF CALIFORNIA CONSUMER PROTECTION FUND ($837); BAKER, PAUL ($718)","2035197, 2035197, 2047323, 2064855, 2064855",[random sample],,
heath flora for assembly 2016,Heath Flora for Assembly 2016,1376112,filer_name_no_prop,6,2083.37,2015-05-12,2019-03-21,,1/1/2015 12:00:00 AM,6/30/2015 12:00:00 AM,F460=6,C=6,"California Trailblazers ($1,545); Raw Investment Northwest, Inc. dba Raw Sushi Bistro ($281); Gates, Shana R ($150); The KAL Group ($107)","1981497, 1981497, 2011235, 2011235, 2011235",[random sample],,
george runner for senate - 2008,George Runner for Senate - 2008,1272115,filer_name_no_prop,9,5782.53,2005-01-26,2008-08-05,11/8/2005 12:00:00 AM,1/1/2005 12:00:00 AM,6/30/2005 12:00:00 AM,F460=9,C=9,"Parris, Robert ($2,729); California Restaurant Association ($1,531); California Bankers Association State PAC ($869); Employers Compensation Insurance Company (ECIC) ($327); Waste Managment- Western Group and Waste Management, Affiliated Entities ($327)","1112197, 1112197, 1112197, 1142603, 1142603",[random sample],,
committee to elect jim mastin for assembly,Committee to Elect Jim Mastin for Assembly,1235205,filer_name_no_prop,3,1138.5,2002-01-24,2002-03-05,3/5/2002 12:00:00 AM,1/20/2002 12:00:00 AM,2/16/2002 12:00:00 AM,F460=3,C=3,"JBA Printing ($642); Loewenstein, Gaither ($306); Mendocino Graphics ($190)","822054, 846118, 846118",[random sample],,
cheryl r. brown for assembly 2018,Cheryl R. Brown for Assembly 2018,1395340,filer_name_no_prop,1,1495.0,2018-01-19,2018-01-19,6/5/2018 12:00:00 AM,1/1/2018 12:00:00 AM,4/21/2018 12:00:00 AM,F460=1,C=1,"Business Images ($1,495)",2238038,[random sample],,
ron galperin for state controller 2022,Ron Galperin for State Controller 2022,1427661,filer_name_no_prop,1,1200.0,2022-03-06,2022-03-06,6/7/2022 12:00:00 AM,1/1/2022 12:00:00 AM,4/23/2022 12:00:00 AM,F460=1,C=1,"Frost, James Michael ($1,200)",2673991,[random sample],,
suzanne jones for assembly 2016,Suzanne Jones for Assembly 2016,1378228,filer_name_no_prop,5,2199.59,2015-07-25,2016-03-11,6/7/2016 12:00:00 AM,1/1/2016 12:00:00 AM,4/23/2016 12:00:00 AM,F460=5,C=5,"California Trailblazers ($2,200)","2033770, 2029119, 2029119, 2013006, 2013006",[random sample],,
hernandez for assembly 2024,Hernandez for Assembly 2024,1459175,filer_name_no_prop,2,3286.0,2023-12-30,2024-02-26,,7/1/2023 12:00:00 AM,12/31/2023 12:00:00 AM,F460=2,C=2,"Roman, Keren ($2,650); WFP National PAC ($636)","2871568, 2932790",[random sample],,
unite here local 11 pac,UNITE HERE Local 11 PAC,981585,filer_name_no_prop,2,5478.0,2014-09-25,2019-02-05,11/4/2014 12:00:00 AM,7/1/2014 12:00:00 AM,9/30/2014 12:00:00 AM,F460=2,C=2,"Centennial Real Estate Management, LLC ($4,200); Los Angeles County Federation of Labor Council on Political Education ($1,278)","1893520, 2398881",[random sample],,
social compassion in legislation pac (aka compassion pac),Social Compassion in Legislation PAC (aka Compassion PAC),1425855,filer_name_no_prop,3,2978.04,2020-06-17,2020-09-29,11/3/2020 12:00:00 AM,9/20/2020 12:00:00 AM,10/17/2020 12:00:00 AM,F460=3,C=3,"Social Compassion in Legislation ($2,978)","2521148, 2505410, 2505410",[random sample],,
california beer & beverage distributors independent expenditure committee,California Beer & Beverage Distributors Independent Expenditure Committee,971454,filer_name_no_prop,10,1858.66,2001-01-03,2017-12-12,,1/1/2001 12:00:00 AM,6/30/2001 12:00:00 AM,F460=10,C=10,"California Beer & Beverage Distributors ($1,859)","779916, 779916, 779916, 803756, 848000",[random sample],,
rex hime for senate 2019,Rex Hime for Senate 2019,1415271,filer_name_no_prop,6,4711.41,2019-02-05,2019-03-14,3/26/2019 12:00:00 AM,1/1/2019 12:00:00 AM,2/9/2019 12:00:00 AM,F460=6,C=6,"Bicker, Gwyn ($3,216); Margetich, Greg ($550); Wiele, Douglas ($550); Sandin, Gregory ($295); California Manufacturers & Technology Association PAC  (CMTA PAC) ($100)","2359021, 2359021, 2390791, 2390791, 2367188",[random sample],,
brian dahle for assembly 2012,Brian Dahle for Assembly 2012,1344008,filer_name_no_prop,22,9828.43,2012-04-01,2012-09-30,,3/18/2012 12:00:00 AM,5/19/2012 12:00:00 AM,F460=22,C=22,"Sheppard, Pamela ($2,131); Sheppard, James ($2,131); Thomas, Jill ($1,800); Toney, Ray ($1,309); Wilson, Jim ($495)","1663178, 1663178, 1663178, 1663178, 1663178",[random sample],,
melissa melendez for assembly 2012,Melissa Melendez for Assembly 2012,1340672,filer_name_no_prop,3,6396.48,2011-12-10,2014-08-20,6/5/2012 12:00:00 AM,1/1/2011 12:00:00 AM,12/31/2011 12:00:00 AM,F460=3,C=3,"Strategic Media Solutions ($3,500); Venture Strategic, Inc. ($2,500); California Trailblazers ($396)","1637058, 1737917, 1892745",[random sample],,
aroner for assembly 2000,Aroner for Assembly 2000,991763,filer_name_no_prop,2,1204.2,2001-06-30,2001-12-31,11/7/2000 12:00:00 AM,1/1/2001 12:00:00 AM,6/30/2001 12:00:00 AM,F460=2,C=2,"Eat/Work Development ($1,204)","773048, 814679",[random sample],,
senate democratic leadership fund,Senate Democratic Leadership Fund,950438,filer_name_no_prop,1,213.0,2000-02-02,2000-02-02,3/7/2000 12:00:00 AM,1/23/2000 12:00:00 AM,2/19/2000 12:00:00 AM,F460=1,C=1,International Union of Operating Engineers Local 12 ($213),591353,[random sample],,
"denney to the state assembly 76 district, vote ralph 2008; committee to elect ralph","DENNEY TO THE STATE ASSEMBLY 76 DISTRICT, VOTE RALPH 2008; COMMITTEE TO ELECT RALPH",1303401,filer_name_no_prop,4,315.0,2008-03-18,2008-10-31,6/3/2008 12:00:00 AM,3/18/2008 12:00:00 AM,5/17/2008 12:00:00 AM,F460=4,C=4,"BRADLEY ALLEN AUTO BODY & PAINT, INC. ($120); BRADLEY ALLEN AUTO BODY & PAINT, INC ($90); BRADLEY ALLEN AUTO BODY AND PAINT ($75); BRADLEY ALLEN AUTO BODY AND PAINT, INC ($30)","1335011, 1347405, 1372259, 1423473",[random sample],,
friends of la raza roundtable pac,Friends of La Raza Roundtable PAC,1399946,filer_name_no_prop,5,424.8,2018-02-10,2021-02-24,,1/1/2018 12:00:00 AM,6/30/2018 12:00:00 AM,F460=5,C=5,"Colunga, Raul ($225); Amador-Le Beau, Rose ($200)","2266663, 2266663, 2544168, 2590788, 2590788",[random sample],,
dr. joaquin arambula for assembly 2024,Dr. Joaquin Arambula for Assembly 2024,1456509,filer_name_no_prop,2,650.0,2024-05-10,2024-10-23,,2/18/2024 12:00:00 AM,6/30/2024 12:00:00 AM,F460=2,C=2,ProChoice Your Voter Guide ($500); California Democratic Party ($150),"2936054, 3011596",[random sample],,
carole migden leadership,Carole Migden Leadership,1231896,filer_name_no_prop,3,513.93,2001-03-30,2001-06-30,11/5/2002 12:00:00 AM,1/1/2001 12:00:00 AM,6/30/2001 12:00:00 AM,F460=3,C=3,Guinness UDV ($336); Agricultural Energy Consumers Association ($128); Walt Disney Company ($50),"773390, 773390, 773390",[random sample],,
wescom credit union state pac,Wescom Credit Union State PAC,1273830,filer_name_no_prop,5,322.2,2005-12-15,2021-04-30,,7/1/2005 12:00:00 AM,12/31/2005 12:00:00 AM,F460=5,C=5,"Orman, Tom ($180); Wescom Credit Union (Admin) ($142)","1141845, 1141845, 1141845, 1141845, 2594323",[random sample],,
friends of darrell steinberg,Friends of Darrell Steinberg,1237420,filer_name_no_prop,3,765.33,2002-03-19,2002-10-24,11/5/2002 12:00:00 AM,2/17/2002 12:00:00 AM,6/30/2002 12:00:00 AM,F460=3,C=3,"Safe Credit Union ($350); Buck, John A. ($269); Personal Insurance Federation of CA PAC ($146)","856072, 856072, 912410",[random sample],,
ron calderon legal defense fund committee,Ron Calderon Legal Defense Fund Committee,1287408,filer_name_no_prop,2,788.2,2006-08-10,2006-12-06,6/6/2006 12:00:00 AM,7/1/2006 12:00:00 AM,9/30/2006 12:00:00 AM,F460=2,C=2,Charles Calderon for Assembly 2006 ($500); Heath Smart ($288),"1204850, 1237688",[random sample],,
tanner for assembly 2022; kelly,TANNER FOR ASSEMBLY 2022; KELLY,1436047,filer_name_no_prop,2,270.0,2021-04-28,2022-05-04,6/7/2022 12:00:00 AM,1/1/2021 12:00:00 AM,6/30/2021 12:00:00 AM,F460=2,C=2,"Jones, Shawnel ($270)","2601086, 2687727",[random sample],,
bill morrow for senate,Bill Morrow for Senate,962822,filer_name_no_prop,1,779.92,2000-07-03,2000-07-03,11/7/2000 12:00:00 AM,7/1/2000 12:00:00 AM,10/21/2000 12:00:00 AM,F460=1,C=1,California Restaurant Association ($780),677885,[random sample],,
"california biomedical industry political action committee, sponsored by california healthcare institute","California Biomedical Industry Political Action Committee, sponsored by California Healthcare Institute",1272633,filer_name_no_prop,1,294.93,2006-08-11,2006-08-11,,7/1/2006 12:00:00 AM,9/30/2006 12:00:00 AM,F460=1,C=1,Leland Yee for Senate ($295),1204525,[random sample],,
san bernardino public employee's association political action committee,SAN BERNARDINO PUBLIC EMPLOYEE'S ASSOCIATION POLITICAL ACTION COMMITTEE,822188,filer_name_no_prop,1,305.0,2008-11-17,2008-11-17,,10/19/2008 12:00:00 AM,12/31/2008 12:00:00 AM,F460=1,C=1,"Rogers, Anderson, Malody & Scott LLP ($305)",1394013,[random sample],,
martin ludlow for assembly,Martin Ludlow for Assembly,1230361,filer_name_no_prop,1,450.0,2001-09-01,2001-09-01,3/5/2002 12:00:00 AM,7/1/2001 12:00:00 AM,9/30/2001 12:00:00 AM,F460=1,C=1,Smith Kaufman LLP ($450),786215,[random sample],,
democratic business pac,Democratic Business PAC,980542,filer_name_no_prop,1,899.31,2000-10-01,2000-10-01,11/7/2000 12:00:00 AM,10/1/2000 12:00:00 AM,10/21/2000 12:00:00 AM,F460=1,C=1,CA Healthcare Association PAC ($899),677575,[random sample],,
adelante latino democrats united,Adelante Latino Democrats United,1371712,filer_name_no_prop,3,175.0,2017-02-25,2017-02-25,,1/1/2017 12:00:00 AM,6/30/2017 12:00:00 AM,F460=3,C=3,THE DEMOCRATIC CLUB SLATE MAILER ($175),"2165879, 2165879, 2165879",[random sample],,
family business association of california issues political action committee,Family Business Association of California Issues Political Action Committee,1424664,filer_name_no_prop,1,66.3,2024-02-01,2024-02-01,,1/1/2024 12:00:00 AM,6/30/2024 12:00:00 AM,F460=1,C=1,Family Business Association of California ($66),2928717,[random sample],,
